Site Category,Image Src,Code,Title,Price,Body (HTML),Collection,Vendor,Weight,Weight Unit,Status
Cardstock,https://www.thewholesaler.biz/images/prods/big/ADCO728940.jpg,ADCO728940,Swiss Dots Cardstock Pack - 4 Colours x 5 Each (20 Sheets),9.00,"The best cardstock for die cutting, crisp folding, clean scoring and elaborate embossing.",Cardstock,The Wholesaler,,kg,Draft
Cardstock,https://www.thewholesaler.biz/images/prods/big/Couture-Creations-Textured-Cardstock-ULT200100.jpg,ULT200100,Textured Cardstock 12x12 - Nickel/Satin ,9.00,"The best cardstock for die cutting, crisp folding, clean scoring and elaborate embossing.",Cardstock,The Wholesaler,216,g,Draft
Cardstock,https://www.thewholesaler.biz/images/prods/big/Couture-Creations-Textured-Cardstock-ULT200101.jpg,ULT200101,Textured Cardstock 12x12 - Granite/Slate ,9.00,"The best cardstock for die cutting, crisp folding, clean scoring and elaborate embossing.",Cardstock,The Wholesaler,216,g,Draft
Cardstock,https://www.thewholesaler.biz/images/prods/big/Couture-Creations-Textured-Cardstock-ULT200102.jpg,ULT200102,Textured Cardstock 12x12 - Bubbles/Bubbly ,9.00,"The best cardstock for die cutting, crisp folding, clean scoring and elaborate embossing.",Cardstock,The Wholesaler,216,g,Draft
Cardstock,https://www.thewholesaler.biz/images/prods/big/Couture-Creations-Textured-Cardstock-ULT200103.jpg,ULT200103,Textured Cardstock 12x12 - Shrimp/Soft Peach ,9.00,"The best cardstock for die cutting, crisp folding, clean scoring and elaborate embossing.",Cardstock,The Wholesaler,216,g,Draft
Cardstock,https://www.thewholesaler.biz/images/prods/big/Couture-Creations-Textured-Cardstock-ULT200104.jpg,ULT200104,Textured Cardstock 12x12 - Rosebud/Rose ,9.00,"The best cardstock for die cutting, crisp folding, clean scoring and elaborate embossing.",Cardstock,The Wholesaler,216,g,Draft
Cardstock,https://www.thewholesaler.biz/images/prods/big/Couture-Creations-Textured-Cardstock-ULT200048.jpg,ULT200048,Textured Cardstock 12x12 - Vanilla/French Vanilla ,9.00,"The best cardstock for die cutting, crisp folding, clean scoring and elaborate embossing.",Cardstock,The Wholesaler,216,g,Draft
Cardstock,https://www.thewholesaler.biz/images/prods/big/Couture-Creations-Textured-Cardstock-ULT200050.jpg,ULT200050,Textured Cardstock 12x12 - Lemon/Raincoat ,9.00,"The best cardstock for die cutting, crisp folding, clean scoring and elaborate embossing.",Cardstock,The Wholesaler,216,g,Draft
Cardstock,https://www.thewholesaler.biz/images/prods/big/Couture-Creations-Textured-Cardstock-ULT200051.jpg,ULT200051,Textured Cardstock 12x12 - Sunflower/Marigold ,9.00,"The best cardstock for die cutting, crisp folding, clean scoring and elaborate embossing.",Cardstock,The Wholesaler,216,g,Draft
Cardstock,https://www.thewholesaler.biz/images/prods/big/Couture-Creations-Textured-Cardstock-ULT200052.jpg,ULT200052,Textured Cardstock 12x12 - Dandelion/Monarch ,9.00,"The best cardstock for die cutting, crisp folding, clean scoring and elaborate embossing.",Cardstock,The Wholesaler,216,g,Draft
Cardstock,https://www.thewholesaler.biz/images/prods/big/Couture-Creations-Textured-Cardstock-ULT200053.jpg,ULT200053,Textured Cardstock 12x12 - Tangerine/Lantana ,9.00,"The best cardstock for die cutting, crisp folding, clean scoring and elaborate embossing.",Cardstock,The Wholesaler,216,g,Draft
Cardstock,https://www.thewholesaler.biz/images/prods/big/Couture-Creations-Textured-Cardstock-ULT200054.jpg,ULT200054,Textured Cardstock 12x12 - Mustard/Topaz ,9.00,"The best cardstock for die cutting, crisp folding, clean scoring and elaborate embossing.",Cardstock,The Wholesaler,216,g,Draft
Cardstock,https://www.thewholesaler.biz/images/prods/big/Couture-Creations-Textured-Cardstock-ULT200055.jpg,ULT200055,Textured Cardstock 12x12 - Butterscotch/Harvest ,9.00,"The best cardstock for die cutting, crisp folding, clean scoring and elaborate embossing.",Cardstock,The Wholesaler,216,g,Draft
Cardstock,https://www.thewholesaler.biz/images/prods/big/Couture-Creations-Textured-Cardstock-ULT200056.jpg,ULT200056,Textured Cardstock 12x12 - Cantaloupe ,9.00,"The best cardstock for die cutting, crisp folding, clean scoring and elaborate embossing.",Cardstock,The Wholesaler,216,g,Draft
Cardstock,https://www.thewholesaler.biz/images/prods/big/Couture-Creations-Textured-Cardstock-ULT200058.jpg,ULT200058,Textured Cardstock 12x12 - Melon/Blazing Sun ,9.00,"The best cardstock for die cutting, crisp folding, clean scoring and elaborate embossing.",Cardstock,The Wholesaler,216,g,Draft
Cardstock,https://www.thewholesaler.biz/images/prods/big/Couture-Creations-Textured-Cardstock-ULT200059.jpg,ULT200059,Textured Cardstock 12x12 - Apricot/Avalara ,9.00,"The best cardstock for die cutting, crisp folding, clean scoring and elaborate embossing.",Cardstock,The Wholesaler,216,g,Draft
Cardstock,https://www.thewholesaler.biz/images/prods/big/Couture-Creations-Textured-Cardstock-ULT200060.jpg,ULT200060,Textured Cardstock 12x12 - Rust/Burnt Sienna ,9.00,"The best cardstock for die cutting, crisp folding, clean scoring and elaborate embossing.",Cardstock,The Wholesaler,216,g,Draft
Cardstock,https://www.thewholesaler.biz/images/prods/big/Couture-Creations-Textured-Cardstock-ULT200061.jpg,ULT200061,Textured Cardstock 12x12 - Clay/Vermilon ,9.00,"The best cardstock for die cutting, crisp folding, clean scoring and elaborate embossing.",Cardstock,The Wholesaler,216,g,Draft
Cardstock,https://www.thewholesaler.biz/images/prods/big/Couture-Creations-Textured-Cardstock-ULT200062.jpg,ULT200062,Textured Cardstock 12x12 - Carrot/Persimmon ,9.00,"The best cardstock for die cutting, crisp folding, clean scoring and elaborate embossing.",Cardstock,The Wholesaler,216,g,Draft
Cardstock,https://www.thewholesaler.biz/images/prods/big/Couture-Creations-Textured-Cardstock-ULT200063.jpg,ULT200063,Textured Cardstock 12x12 - Cherry/Valentine ,9.00,"The best cardstock for die cutting, crisp folding, clean scoring and elaborate embossing.",Cardstock,The Wholesaler,216,g,Draft
Cardstock,https://www.thewholesaler.biz/images/prods/big/Couture-Creations-Textured-Cardstock-ULT200065.jpg,ULT200065,Textured Cardstock 12x12 - Ladybug/Firefly ,9.00,"The best cardstock for die cutting, crisp folding, clean scoring and elaborate embossing.",Cardstock,The Wholesaler,216,g,Draft
Cardstock,https://www.thewholesaler.biz/images/prods/big/Couture-Creations-Textured-Cardstock-ULT200066.jpg,ULT200066,Textured Cardstock 12x12 - Crimson/Blood Red ,9.00,"The best cardstock for die cutting, crisp folding, clean scoring and elaborate embossing.",Cardstock,The Wholesaler,216,g,Draft
Cardstock,https://www.thewholesaler.biz/images/prods/big/Couture-Creations-Textured-Cardstock-ULT200067.jpg,ULT200067,Textured Cardstock 12x12 - Rouge/Garnet ,9.00,"The best cardstock for die cutting, crisp folding, clean scoring and elaborate embossing.",Cardstock,The Wholesaler,216,g,Draft
Cardstock,https://www.thewholesaler.biz/images/prods/big/Couture-Creations-Textured-Cardstock-ULT200068.jpg,ULT200068,Textured Cardstock 12x12 - Pomegranate/Carmelian ,9.00,"The best cardstock for die cutting, crisp folding, clean scoring and elaborate embossing.",Cardstock,The Wholesaler,216,g,Draft
Cardstock,https://www.thewholesaler.biz/images/prods/big/Couture-Creations-Textured-Cardstock-ULT200069.jpg,ULT200069,Textured Cardstock 12x12 - Cranberry/Firestorm ,9.00,"The best cardstock for die cutting, crisp folding, clean scoring and elaborate embossing.",Cardstock,The Wholesaler,216,g,Draft
Cardstock,https://www.thewholesaler.biz/images/prods/big/Couture-Creations-Textured-Cardstock-ULT200070.jpg,ULT200070,Textured Cardstock 12x12 - Mulberry/Cherry Cola ,9.00,"The best cardstock for die cutting, crisp folding, clean scoring and elaborate embossing.",Cardstock,The Wholesaler,216,g,Draft
Cardstock,https://www.thewholesaler.biz/images/prods/big/Couture-Creations-Textured-Cardstock-ULT200071.jpg,ULT200071,Textured Cardstock 12x12 - Taffy/Bubblegum ,9.00,"The best cardstock for die cutting, crisp folding, clean scoring and elaborate embossing.",Cardstock,The Wholesaler,216,g,Draft
Cardstock,https://www.thewholesaler.biz/images/prods/big/Couture-Creations-Textured-Cardstock-ULT200072.jpg,ULT200072,Textured Cardstock 12x12 - Grapefruit/Candy Dreams ,9.00,"The best cardstock for die cutting, crisp folding, clean scoring and elaborate embossing.",Cardstock,The Wholesaler,216,g,Draft
Cardstock,https://www.thewholesaler.biz/images/prods/big/Couture-Creations-Textured-Cardstock-ULT200073.jpg,ULT200073,Textured Cardstock 12x12 - Peach/Coral Reef ,9.00,"The best cardstock for die cutting, crisp folding, clean scoring and elaborate embossing.",Cardstock,The Wholesaler,216,g,Draft
Cardstock,https://www.thewholesaler.biz/images/prods/big/Couture-Creations-Textured-Cardstock-ULT200074.jpg,ULT200074,Textured Cardstock 12x12 - Parfait/Strawberry Surprise,9.00,"The best cardstock for die cutting, crisp folding, clean scoring and elaborate embossing.",Cardstock,The Wholesaler,216,g,Draft
Cardstock,https://www.thewholesaler.biz/images/prods/big/Couture-Creations-Textured-Cardstock-ULT200075.jpg,ULT200075,Textured Cardstock 12x12 - Raspberry/Raspberry Rush ,9.00,"The best cardstock for die cutting, crisp folding, clean scoring and elaborate embossing.",Cardstock,The Wholesaler,216,g,Draft
Cardstock,https://www.thewholesaler.biz/images/prods/big/Couture-Creations-Textured-Cardstock-ULT200076.jpg,ULT200076,Textured Cardstock 12x12 - Lipgloss/Lollypop ,9.00,"The best cardstock for die cutting, crisp folding, clean scoring and elaborate embossing.",Cardstock,The Wholesaler,216,g,Draft
Cardstock,https://www.thewholesaler.biz/images/prods/big/Couture-Creations-Textured-Cardstock-ULT200077.jpg,ULT200077,Textured Cardstock 12x12 - Bubblegum/Precious ,9.00,"The best cardstock for die cutting, crisp folding, clean scoring and elaborate embossing.",Cardstock,The Wholesaler,216,g,Draft
Cardstock,https://www.thewholesaler.biz/images/prods/big/Couture-Creations-Textured-Cardstock-ULT200078.jpg,ULT200078,Textured Cardstock 12x12 - Peony/Carnation  ,9.00,"The best cardstock for die cutting, crisp folding, clean scoring and elaborate embossing.",Cardstock,The Wholesaler,216,g,Draft
Cardstock,https://www.thewholesaler.biz/images/prods/big/Couture-Creations-Textured-Cardstock-ULT200079.jpg,ULT200079,Textured Cardstock 12x12 - Blush/Fairy Wings ,9.00,"The best cardstock for die cutting, crisp folding, clean scoring and elaborate embossing.",Cardstock,The Wholesaler,216,g,Draft
Cardstock,https://www.thewholesaler.biz/images/prods/big/Couture-Creations-Textured-Cardstock-ULT200080.jpg,ULT200080,Textured Cardstock 12x12 - Lilac/English Beauty ,9.00,"The best cardstock for die cutting, crisp folding, clean scoring and elaborate embossing.",Cardstock,The Wholesaler,216,g,Draft
Cardstock,https://www.thewholesaler.biz/images/prods/big/Couture-Creations-Textured-Cardstock-ULT200081.jpg,ULT200081,Textured Cardstock 12x12 - Lavender/Vervain ,9.00,"The best cardstock for die cutting, crisp folding, clean scoring and elaborate embossing.",Cardstock,The Wholesaler,216,g,Draft
Cardstock,https://www.thewholesaler.biz/images/prods/big/Couture-Creations-Textured-Cardstock-ULT200082.jpg,ULT200082,Textured Cardstock 12x12 - Orchid/Pandora ,9.00,"The best cardstock for die cutting, crisp folding, clean scoring and elaborate embossing.",Cardstock,The Wholesaler,216,g,Draft
Cardstock,https://www.thewholesaler.biz/images/prods/big/Couture-Creations-Textured-Cardstock-ULT200083.jpg,ULT200083,Textured Cardstock 12x12 - Blossom/Jubilee ,9.00,"The best cardstock for die cutting, crisp folding, clean scoring and elaborate embossing.",Cardstock,The Wholesaler,216,g,Draft
Cardstock,https://www.thewholesaler.biz/images/prods/big/Couture-Creations-Textured-Cardstock-ULT200084.jpg,ULT200084,Textured Cardstock 12x12 - Grape/Divine ,9.00,"The best cardstock for die cutting, crisp folding, clean scoring and elaborate embossing.",Cardstock,The Wholesaler,216,g,Draft
Cardstock,https://www.thewholesaler.biz/images/prods/big/Couture-Creations-Textured-Cardstock-ULT200085.jpg,ULT200085,Textured Cardstock 12x12 - Wine/Plumberry ,9.00,"The best cardstock for die cutting, crisp folding, clean scoring and elaborate embossing.",Cardstock,The Wholesaler,216,g,Draft
Cardstock,https://www.thewholesaler.biz/images/prods/big/Couture-Creations-Textured-Cardstock-ULT200086.jpg,ULT200086,Textured Cardstock 12x12 - Plum/Royal Midnight ,9.00,"The best cardstock for die cutting, crisp folding, clean scoring and elaborate embossing.",Cardstock,The Wholesaler,216,g,Draft
Cardstock,https://www.thewholesaler.biz/images/prods/big/Couture-Creations-Textured-Cardstock-ULT200087.jpg,ULT200087,Textured Cardstock 12x12 - Ivory ,9.00,"The best cardstock for die cutting, crisp folding, clean scoring and elaborate embossing.",Cardstock,The Wholesaler,216,g,Draft
Cardstock,https://www.thewholesaler.biz/images/prods/big/Couture-Creations-Textured-Cardstock-ULT200088.jpg,ULT200088,Textured Cardstock 12x12 - Storm/Navy ,9.00,"The best cardstock for die cutting, crisp folding, clean scoring and elaborate embossing.",Cardstock,The Wholesaler,216,g,Draft
Cardstock,https://www.thewholesaler.biz/images/prods/big/Couture-Creations-Textured-Cardstock-ULT200089.jpg,ULT200089,Textured Cardstock 12x12 - Amethyst/Violet ,9.00,"The best cardstock for die cutting, crisp folding, clean scoring and elaborate embossing.",Cardstock,The Wholesaler,216,g,Draft
Cardstock,https://www.thewholesaler.biz/images/prods/big/Couture-Creations-Textured-Cardstock-ULT200090.jpg,ULT200090,Textured Cardstock 12x12 - Scarlet/Cerise ,9.00,"The best cardstock for die cutting, crisp folding, clean scoring and elaborate embossing.",Cardstock,The Wholesaler,216,g,Draft
Cardstock,https://www.thewholesaler.biz/images/prods/big/Couture-Creations-Textured-Cardstock-ULT200091.jpg,ULT200091,Textured Cardstock 12x12 - Cotton Candy/Spun Sugar ,9.00,"The best cardstock for die cutting, crisp folding, clean scoring and elaborate embossing.",Cardstock,The Wholesaler,216,g,Draft
Cardstock,https://www.thewholesaler.biz/images/prods/big/Couture-Creations-Textured-Cardstock-ULT200092.jpg,ULT200092,Textured Cardstock 12x12 - RockyRoad/Amazon ,9.00,"The best cardstock for die cutting, crisp folding, clean scoring and elaborate embossing.",Cardstock,The Wholesaler,216,g,Draft
Cardstock,https://www.thewholesaler.biz/images/prods/big/Couture-Creations-Textured-Cardstock-ULT200093.jpg,ULT200093,Textured Cardstock 12x12 - Jade/Verdigris Green ,9.00,"The best cardstock for die cutting, crisp folding, clean scoring and elaborate embossing.",Cardstock,The Wholesaler,216,g,Draft
Cardstock,https://www.thewholesaler.biz/images/prods/big/Couture-Creations-Textured-Cardstock-ULT200094.jpg,ULT200094,Textured Cardstock 12x12 - Pacific/Cadet ,9.00,"The best cardstock for die cutting, crisp folding, clean scoring and elaborate embossing.",Cardstock,The Wholesaler,216,g,Draft
Cardstock,https://www.thewholesaler.biz/images/prods/big/Couture-Creations-Textured-Cardstock-ULT200095.jpg,ULT200095,Textured Cardstock 12x12 - Latte/Chai ,9.00,"The best cardstock for die cutting, crisp folding, clean scoring and elaborate embossing.",Cardstock,The Wholesaler,216,g,Draft
Cardstock,https://www.thewholesaler.biz/images/prods/big/Couture-Creations-Textured-Cardstock-ULT200096.jpg,ULT200096,Textured Cardstock 12x12 - Oatmeal/Oats ,9.00,"The best cardstock for die cutting, crisp folding, clean scoring and elaborate embossing.",Cardstock,The Wholesaler,216,g,Draft
Cardstock,https://www.thewholesaler.biz/images/prods/big/Couture-Creations-Textured-Cardstock-ULT200097.jpg,ULT200097,Textured Cardstock 12x12 - Seafoam/Sea Green ,9.00,"The best cardstock for die cutting, crisp folding, clean scoring and elaborate embossing.",Cardstock,The Wholesaler,216,g,Draft
Cardstock,https://www.thewholesaler.biz/images/prods/big/Couture-Creations-Textured-Cardstock-ULT200098.jpg,ULT200098,Textured Cardstock 12x12 - Stargaze/Galaxy ,9.00,"The best cardstock for die cutting, crisp folding, clean scoring and elaborate embossing.",Cardstock,The Wholesaler,216,g,Draft
Cardstock,https://www.thewholesaler.biz/images/prods/big/Couture-Creations-Textured-Cardstock-ULT200099.jpg,ULT200099,Textured Cardstock 12x12 - Shadow/Twilight ,9.00,"The best cardstock for die cutting, crisp folding, clean scoring and elaborate embossing.",Cardstock,The Wholesaler,216,g,Draft
Cardstock,https://www.thewholesaler.biz/images/prods/big/Couture-Creations-Textured-Cardstock-ULT200009.jpg,ULT200009,Textured Cardstock 12x12 - Blueberry/Endless Dusk ,9.00,"The best cardstock for die cutting, crisp folding, clean scoring and elaborate embossing.",Cardstock,The Wholesaler,216,g,Draft
Cardstock,https://www.thewholesaler.biz/images/prods/big/Couture-Creations-Textured-Cardstock-ULT200010.jpg,ULT200010,Textured Cardstock 12x12 - Denim/Midnight Hour ,9.00,"The best cardstock for die cutting, crisp folding, clean scoring and elaborate embossing.",Cardstock,The Wholesaler,216,g,Draft
Cardstock,https://www.thewholesaler.biz/images/prods/big/Couture-Creations-Textured-Cardstock-ULT200011.jpg,ULT200011,Textured Cardstock 12x12 - Sapphire/Mystique ,9.00,"The best cardstock for die cutting, crisp folding, clean scoring and elaborate embossing.",Cardstock,The Wholesaler,216,g,Draft
Cardstock,https://www.thewholesaler.biz/images/prods/big/Couture-Creations-Textured-Cardstock-ULT200012.jpg,ULT200012,Textured Cardstock 12x12 - Marine/Ulysses Blue ,9.00,"The best cardstock for die cutting, crisp folding, clean scoring and elaborate embossing.",Cardstock,The Wholesaler,216,g,Draft
Cardstock,https://www.thewholesaler.biz/images/prods/big/Couture-Creations-Textured-Cardstock-ULT200013.jpg,ULT200013,Textured Cardstock 12x12 - Peacock/Seafoam ,9.00,"The best cardstock for die cutting, crisp folding, clean scoring and elaborate embossing.",Cardstock,The Wholesaler,216,g,Draft
Cardstock,https://www.thewholesaler.biz/images/prods/big/Couture-Creations-Textured-Cardstock-ULT200014.jpg,ULT200014,Textured Cardstock 12x12 - Wave/Blue Moon ,9.00,"The best cardstock for die cutting, crisp folding, clean scoring and elaborate embossing.",Cardstock,The Wholesaler,216,g,Draft
Cardstock,https://www.thewholesaler.biz/images/prods/big/Couture-Creations-Textured-Cardstock-ULT200015.jpg,ULT200015,Textured Cardstock 12x12 - Pool/Mermaid ,9.00,"The best cardstock for die cutting, crisp folding, clean scoring and elaborate embossing.",Cardstock,The Wholesaler,216,g,Draft
Cardstock,https://www.thewholesaler.biz/images/prods/big/Couture-Creations-Textured-Cardstock-ULT200016.jpg,ULT200016,Textured Cardstock 12x12 - Ocean/Cool Breeze ,9.00,"The best cardstock for die cutting, crisp folding, clean scoring and elaborate embossing.",Cardstock,The Wholesaler,216,g,Draft
Cardstock,https://www.thewholesaler.biz/images/prods/big/Couture-Creations-Textured-Cardstock-ULT200017.jpg,ULT200017,Textured Cardstock 12x12 - Sky/Blue Diamond ,9.00,"The best cardstock for die cutting, crisp folding, clean scoring and elaborate embossing.",Cardstock,The Wholesaler,216,g,Draft
Cardstock,https://www.thewholesaler.biz/images/prods/big/Couture-Creations-Textured-Cardstock-ULT200018.jpg,ULT200018,Textured Cardstock 12x12 - Lagoon/Blue Jay ,9.00,"The best cardstock for die cutting, crisp folding, clean scoring and elaborate embossing.",Cardstock,The Wholesaler,216,g,Draft
Cardstock,https://www.thewholesaler.biz/images/prods/big/Couture-Creations-Textured-Cardstock-ULT200019.jpg,ULT200019,Textured Cardstock 12x12 - Rain/Ice Crystal ,9.00,"The best cardstock for die cutting, crisp folding, clean scoring and elaborate embossing.",Cardstock,The Wholesaler,216,g,Draft
Cardstock,https://www.thewholesaler.biz/images/prods/big/Couture-Creations-Textured-Cardstock-ULT200020.jpg,ULT200020,Textured Cardstock 12x12 - Fountain/Charming ,9.00,"The best cardstock for die cutting, crisp folding, clean scoring and elaborate embossing.",Cardstock,The Wholesaler,216,g,Draft
Cardstock,https://www.thewholesaler.biz/images/prods/big/Couture-Creations-Textured-Cardstock-ULT200021.jpg,ULT200021,Textured Cardstock 12x12 - Geyser/Caloden ,9.00,"The best cardstock for die cutting, crisp folding, clean scoring and elaborate embossing.",Cardstock,The Wholesaler,216,g,Draft
Cardstock,https://www.thewholesaler.biz/images/prods/big/Couture-Creations-Textured-Cardstock-ULT200022.jpg,ULT200022,Textured Cardstock 12x12 - Powder/Cascade ,9.00,"The best cardstock for die cutting, crisp folding, clean scoring and elaborate embossing.",Cardstock,The Wholesaler,216,g,Draft
Cardstock,https://www.thewholesaler.biz/images/prods/big/Couture-Creations-Textured-Cardstock-ULT200023.jpg,ULT200023,Textured Cardstock 12x12 - Robin Egg/Aquamarine ,9.00,"The best cardstock for die cutting, crisp folding, clean scoring and elaborate embossing.",Cardstock,The Wholesaler,216,g,Draft
Cardstock,https://www.thewholesaler.biz/images/prods/big/Couture-Creations-Textured-Cardstock-ULT200024.jpg,ULT200024,Textured Cardstock 12x12 - Mint/Verde ,9.00,"The best cardstock for die cutting, crisp folding, clean scoring and elaborate embossing.",Cardstock,The Wholesaler,216,g,Draft
Cardstock,https://www.thewholesaler.biz/images/prods/big/Couture-Creations-Textured-Cardstock-ULT200025.jpg,ULT200025,Textured Cardstock 12x12 - Key Lime/Mantis ,9.00,"The best cardstock for die cutting, crisp folding, clean scoring and elaborate embossing.",Cardstock,The Wholesaler,216,g,Draft
Cardstock,https://www.thewholesaler.biz/images/prods/big/Couture-Creations-Textured-Cardstock-ULT200026.jpg,ULT200026,Textured Cardstock 12x12 - Limeade/Chartreuse ,9.00,"The best cardstock for die cutting, crisp folding, clean scoring and elaborate embossing.",Cardstock,The Wholesaler,216,g,Draft
Cardstock,https://www.thewholesaler.biz/images/prods/big/Couture-Creations-Textured-Cardstock-ULT200027.jpg,ULT200027,Textured Cardstock 12x12 - Cricket/Chrysalis ,9.00,"The best cardstock for die cutting, crisp folding, clean scoring and elaborate embossing.",Cardstock,The Wholesaler,216,g,Draft
Cardstock,https://www.thewholesaler.biz/images/prods/big/Couture-Creations-Textured-Cardstock-ULT200028.jpg,ULT200028,Textured Cardstock 12x12 - Shamrock/Peridot ,9.00,"The best cardstock for die cutting, crisp folding, clean scoring and elaborate embossing.",Cardstock,The Wholesaler,216,g,Draft
Cardstock,https://www.thewholesaler.biz/images/prods/big/Couture-Creations-Textured-Cardstock-ULT200029.jpg,ULT200029,Textured Cardstock 12x12 - Aqua/Spectrum ,9.00,"The best cardstock for die cutting, crisp folding, clean scoring and elaborate embossing.",Cardstock,The Wholesaler,216,g,Draft
Cardstock,https://www.thewholesaler.biz/images/prods/big/Couture-Creations-Textured-Cardstock-ULT200030.jpg,ULT200030,Textured Cardstock 12x12 - Cascade/Caruso ,9.00,"The best cardstock for die cutting, crisp folding, clean scoring and elaborate embossing.",Cardstock,The Wholesaler,216,g,Draft
Cardstock,https://www.thewholesaler.biz/images/prods/big/Couture-Creations-Textured-Cardstock-ULT200031.jpg,ULT200031,Textured Cardstock 12x12 - Pine/Cypress Pine ,9.00,"The best cardstock for die cutting, crisp folding, clean scoring and elaborate embossing.",Cardstock,The Wholesaler,216,g,Draft
Cardstock,https://www.thewholesaler.biz/images/prods/big/Couture-Creations-Textured-Cardstock-ULT200032.jpg,ULT200032,Textured Cardstock 12x12 - Evergreen/Shamrock ,9.00,"The best cardstock for die cutting, crisp folding, clean scoring and elaborate embossing.",Cardstock,The Wholesaler,216,g,Draft
Cardstock,https://www.thewholesaler.biz/images/prods/big/Couture-Creations-Textured-Cardstock-ULT200033.jpg,ULT200033,Textured Cardstock 12x12 - Emerald/Verdant ,9.00,"The best cardstock for die cutting, crisp folding, clean scoring and elaborate embossing.",Cardstock,The Wholesaler,216,g,Draft
Cardstock,https://www.thewholesaler.biz/images/prods/big/Couture-Creations-Textured-Cardstock-ULT200034.jpg,ULT200034,Textured Cardstock 12x12 - Surf/Cressida ,9.00,"The best cardstock for die cutting, crisp folding, clean scoring and elaborate embossing.",Cardstock,The Wholesaler,216,g,Draft
Cardstock,https://www.thewholesaler.biz/images/prods/big/Couture-Creations-Textured-Cardstock-ULT200035.jpg,ULT200035,Textured Cardstock 12x12 - Moss/Lush  ,9.00,"The best cardstock for die cutting, crisp folding, clean scoring and elaborate embossing.",Cardstock,The Wholesaler,216,g,Draft
Cardstock,https://www.thewholesaler.biz/images/prods/big/Couture-Creations-Textured-Cardstock-ULT200036.jpg,ULT200036,Textured Cardstock 12x12 - Grass/Leprechaun ,9.00,"The best cardstock for die cutting, crisp folding, clean scoring and elaborate embossing.",Cardstock,The Wholesaler,216,g,Draft
Cardstock,https://www.thewholesaler.biz/images/prods/big/Couture-Creations-Textured-Cardstock-ULT200037.jpg,ULT200037,Textured Cardstock 12x12 - Leaf/Olive Grove ,9.00,"The best cardstock for die cutting, crisp folding, clean scoring and elaborate embossing.",Cardstock,The Wholesaler,216,g,Draft
Cardstock,https://www.thewholesaler.biz/images/prods/big/Couture-Creations-Textured-Cardstock-ULT200038.jpg,ULT200038,Textured Cardstock 12x12 - Spinach/Jungle ,9.00,"The best cardstock for die cutting, crisp folding, clean scoring and elaborate embossing.",Cardstock,The Wholesaler,216,g,Draft
Cardstock,https://www.thewholesaler.biz/images/prods/big/Couture-Creations-Textured-Cardstock-ULT200039.jpg,ULT200039,Textured Cardstock 12x12 - Olive/Battle Fatigue ,9.00,"The best cardstock for die cutting, crisp folding, clean scoring and elaborate embossing.",Cardstock,The Wholesaler,216,g,Draft
Cardstock,https://www.thewholesaler.biz/images/prods/big/Couture-Creations-Textured-Cardstock-ULT200040.jpg,ULT200040,Textured Cardstock 12x12 - Coffee/Chocolate ,9.00,"The best cardstock for die cutting, crisp folding, clean scoring and elaborate embossing.",Cardstock,The Wholesaler,216,g,Draft
Cardstock,https://www.thewholesaler.biz/images/prods/big/Couture-Creations-Textured-Cardstock-ULT200041.jpg,ULT200041,Textured Cardstock 12x12 - Chestnut/Fencepost ,9.00,"The best cardstock for die cutting, crisp folding, clean scoring and elaborate embossing.",Cardstock,The Wholesaler,216,g,Draft
Cardstock,https://www.thewholesaler.biz/images/prods/big/Couture-Creations-Textured-Cardstock-ULT200042.jpg,ULT200042,Textured Cardstock 12x12 - Chocolate/Firewood ,9.00,"The best cardstock for die cutting, crisp folding, clean scoring and elaborate embossing.",Cardstock,The Wholesaler,216,g,Draft
Cardstock,https://www.thewholesaler.biz/images/prods/big/Couture-Creations-Textured-Cardstock-ULT200043.jpg,ULT200043,Textured Cardstock 12x12 - Truffle/Mocha ,9.00,"The best cardstock for die cutting, crisp folding, clean scoring and elaborate embossing.",Cardstock,The Wholesaler,216,g,Draft
Cardstock,https://www.thewholesaler.biz/images/prods/big/Couture-Creations-Textured-Cardstock-ULT200044.jpg,ULT200044,Textured Cardstock 12x12 - Caramel/Cinnamon ,9.00,"The best cardstock for die cutting, crisp folding, clean scoring and elaborate embossing.",Cardstock,The Wholesaler,216,g,Draft
Cardstock,https://www.thewholesaler.biz/images/prods/big/Couture-Creations-Textured-Cardstock-ULT200045.jpg,ULT200045,Textured Cardstock 12x12 - Brown Sugar/Paper Bag ,9.00,"The best cardstock for die cutting, crisp folding, clean scoring and elaborate embossing.",Cardstock,The Wholesaler,216,g,Draft
Cardstock,https://www.thewholesaler.biz/images/prods/big/Couture-Creations-Textured-Cardstock-ULT200046.jpg,ULT200046,Textured Cardstock 12x12 - Sand/Driftwood ,9.00,"The best cardstock for die cutting, crisp folding, clean scoring and elaborate embossing.",Cardstock,The Wholesaler,216,g,Draft
Cardstock,https://www.thewholesaler.biz/images/prods/big/Couture-Creations-Textured-Cardstock-ULT200047.jpg,ULT200047,Textured Cardstock 12x12 - Straw/Kahlua ,9.00,"The best cardstock for die cutting, crisp folding, clean scoring and elaborate embossing.",Cardstock,The Wholesaler,216,g,Draft
Cardstock,https://www.thewholesaler.biz/images/prods/big/Couture-Creations-Textured-Cardstock-ULT200049.jpg,ULT200049,Textured Cardstock 12x12 - Butter/Chantilly ,9.00,"The best cardstock for die cutting, crisp folding, clean scoring and elaborate embossing.",Cardstock,The Wholesaler,216,g,Draft
Cardstock,https://www.thewholesaler.biz/images/prods/big/Couture-Creations-Smooth-Cardstock-ADCO728816.jpg,ADCO728816,Smooth Cardstock 12x12 - White - ,9.00,"The best cardstock for die cutting, crisp folding, clean scoring and elaborate embossing.",Cardstock,The Wholesaler,216,g,Draft
Cardstock,https://www.thewholesaler.biz/images/prods/big/Couture-Creations-Smooth-Cardstock-ADCO728818.jpg,ADCO728818,Smooth Cardstock 12x12 - Black - ,9.00,"The best cardstock for die cutting, crisp folding, clean scoring and elaborate embossing.",Cardstock,The Wholesaler,216,g,Draft
Cardstock,https://www.thewholesaler.biz/images/prods/big/Couture-Creations-Cardstock-Swatch-Book-ULT200000A.jpg,ULT200000A,Couture Creations Cardstock Swatchbook,9.00,"The best cardstock for die cutting, crisp folding, clean scoring and elaborate embossing.",Cardstock,The Wholesaler,,kg,Draft
Cardstock,https://www.thewholesaler.biz/images/prods/big/Couture-Creations-Textured-Cardstock-ULT200001.jpg,ULT200001,Textured Cardstock 12x12 - White/Snow White ,9.00,"The best cardstock for die cutting, crisp folding, clean scoring and elaborate embossing.",Cardstock,The Wholesaler,216,g,Draft
Cardstock,https://www.thewholesaler.biz/images/prods/big/Couture-Creations-Textured-Cardstock-ULT200002.jpg,ULT200002,Textured Cardstock 12x12 - Smoke/Delicate Medlar ,9.00,"The best cardstock for die cutting, crisp folding, clean scoring and elaborate embossing.",Cardstock,The Wholesaler,216,g,Draft
Cardstock,https://www.thewholesaler.biz/images/prods/big/Couture-Creations-Textured-Cardstock-ULT200003.jpg,ULT200003,Textured Cardstock 12x12 - Stone/Whisper ,9.00,"The best cardstock for die cutting, crisp folding, clean scoring and elaborate embossing.",Cardstock,The Wholesaler,216,g,Draft
Cardstock,https://www.thewholesaler.biz/images/prods/big/Couture-Creations-Textured-Cardstock-ULT200004.jpg,ULT200004,Textured Cardstock 12x12 - Ash/Silver Star ,9.00,"The best cardstock for die cutting, crisp folding, clean scoring and elaborate embossing.",Cardstock,The Wholesaler,216,g,Draft
Cardstock,https://www.thewholesaler.biz/images/prods/big/Couture-Creations-Textured-Cardstock-ULT200005.jpg,ULT200005,Textured Cardstock 12x12 - Charcoal/Hippodrome ,9.00,"The best cardstock for die cutting, crisp folding, clean scoring and elaborate embossing.",Cardstock,The Wholesaler,216,g,Draft
Cardstock,https://www.thewholesaler.biz/images/prods/big/Couture-Creations-Textured-Cardstock-ULT200006.jpg,ULT200006,Textured Cardstock 12x12 - Graphite/Chasm ,9.00,"The best cardstock for die cutting, crisp folding, clean scoring and elaborate embossing.",Cardstock,The Wholesaler,216,g,Draft
Cardstock,https://www.thewholesaler.biz/images/prods/big/Couture-Creations-Textured-Cardstock-ULT200007.jpg,ULT200007,Textured Cardstock 12x12 - Black/Obsidian ,9.00,"The best cardstock for die cutting, crisp folding, clean scoring and elaborate embossing.",Cardstock,The Wholesaler,216,g,Draft
Cardstock,https://www.thewholesaler.biz/images/prods/big/Couture-Creations-Textured-Cardstock-ULT200008.jpg,ULT200008,Textured Cardstock 12x12 - Blue Jay/Denim ,9.00,"The best cardstock for die cutting, crisp folding, clean scoring and elaborate embossing.",Cardstock,The Wholesaler,216,g,Draft
Chalk-Ink,https://www.thewholesaler.biz/images/prods/big/GD-000-055.jpg,TGD-55,VersaMagic Dew Drop Ink Pad - Purple Hydrangea,40.00,"Beautiful multipurpose inks which give the illusion, texture and feel of chalk pastels when dry.",Inks & Paints,The Wholesaler,,kg,Draft
Chalk-Ink,https://www.thewholesaler.biz/images/prods/big/GD-000-034.jpg,TGD-34,VersaMagic Dew Drop Ink Pad - Pixie Dust,40.00,"Beautiful multipurpose inks which give the illusion, texture and feel of chalk pastels when dry.",Inks & Paints,The Wholesaler,,kg,Draft
Chalk-Ink,https://www.thewholesaler.biz/images/prods/big/GD-000-035.jpg,TGD-35,VersaMagic Dew Drop Ink Pad - Spring Pansy,40.00,"Beautiful multipurpose inks which give the illusion, texture and feel of chalk pastels when dry.",Inks & Paints,The Wholesaler,,kg,Draft
Chalk-Ink,https://www.thewholesaler.biz/images/prods/big/GD-000-036.jpg,TGD-36,VersaMagic Dew Drop Ink Pad - Pretty Petunia,40.00,"Beautiful multipurpose inks which give the illusion, texture and feel of chalk pastels when dry.",Inks & Paints,The Wholesaler,,kg,Draft
Chalk-Ink,https://www.thewholesaler.biz/images/prods/big/GD-000-037.jpg,TGD-37,VersaMagic Dew Drop Ink Pad - Sea Breeze,40.00,"Beautiful multipurpose inks which give the illusion, texture and feel of chalk pastels when dry.",Inks & Paints,The Wholesaler,,kg,Draft
Chalk-Ink,https://www.thewholesaler.biz/images/prods/big/GD-000-038.jpg,TGD-38,VersaMagic Dew Drop Ink Pad - Aquatic Splash ,40.00,"Beautiful multipurpose inks which give the illusion, texture and feel of chalk pastels when dry.",Inks & Paints,The Wholesaler,,kg,Draft
Chalk-Ink,https://www.thewholesaler.biz/images/prods/big/GD-000-039.jpg,TGD-39,VersaMagic Dew Drop Ink Pad - Key Lime ,40.00,"Beautiful multipurpose inks which give the illusion, texture and feel of chalk pastels when dry.",Inks & Paints,The Wholesaler,,kg,Draft
Chalk-Ink,https://www.thewholesaler.biz/images/prods/big/GD-000-052.jpg,TGD-52,VersaMagic Dew Drop Ink Pad - Jumbo Java,40.00,"Beautiful multipurpose inks which give the illusion, texture and feel of chalk pastels when dry.",Inks & Paints,The Wholesaler,,kg,Draft
Chalk-Ink,https://www.thewholesaler.biz/images/prods/big/GD-000-053.jpg,TGD-53,VersaMagic Dew Drop Ink Pad - Red Brick,40.00,"Beautiful multipurpose inks which give the illusion, texture and feel of chalk pastels when dry.",Inks & Paints,The Wholesaler,,kg,Draft
Chalk-Ink,https://www.thewholesaler.biz/images/prods/big/GD-000-054.jpg,TGD-54,VersaMagic Dew Drop Ink Pad - Perfect Plumeria,40.00,"Beautiful multipurpose inks which give the illusion, texture and feel of chalk pastels when dry.",Inks & Paints,The Wholesaler,,kg,Draft
Chalk-Ink,https://www.thewholesaler.biz/images/prods/big/GD-000-056.jpg,TGD-56,VersaMagic Dew Drop Ink Pad - Night Sky,40.00,"Beautiful multipurpose inks which give the illusion, texture and feel of chalk pastels when dry.",Inks & Paints,The Wholesaler,,kg,Draft
Chalk-Ink,https://www.thewholesaler.biz/images/prods/big/GD-000-057.jpg,TGD-57,VersaMagic Dew Drop Ink Pad - Ocean Depth,40.00,"Beautiful multipurpose inks which give the illusion, texture and feel of chalk pastels when dry.",Inks & Paints,The Wholesaler,,kg,Draft
Chalk-Ink,https://www.thewholesaler.biz/images/prods/big/GD-000-058.jpg,TGD-58,VersaMagic Dew Drop Ink Pad - Hint of Pesto,40.00,"Beautiful multipurpose inks which give the illusion, texture and feel of chalk pastels when dry.",Inks & Paints,The Wholesaler,,kg,Draft
Chalk-Ink,https://www.thewholesaler.biz/images/prods/big/GD-000-059.jpg,TGD-59,VersaMagic Dew Drop Ink Pad - Spanish Olive,40.00,"Beautiful multipurpose inks which give the illusion, texture and feel of chalk pastels when dry.",Inks & Paints,The Wholesaler,,kg,Draft
Chalk-Ink,https://www.thewholesaler.biz/images/prods/big/GD-000-060.jpg,TGD-60,VersaMagic Dew Drop Ink Pad - Tea Leaves,40.00,"Beautiful multipurpose inks which give the illusion, texture and feel of chalk pastels when dry.",Inks & Paints,The Wholesaler,,kg,Draft
Chalk-Ink,https://www.thewholesaler.biz/images/prods/big/GD-000-061.jpg,TGD-61,VersaMagic Dew Drop Ink Pad - Pumpkin Spice,40.00,"Beautiful multipurpose inks which give the illusion, texture and feel of chalk pastels when dry.",Inks & Paints,The Wholesaler,,kg,Draft
Chalk-Ink,https://www.thewholesaler.biz/images/prods/big/GD-000-062.jpg,TGD-62,VersaMagic Dew Drop Ink Pad - Gingerbread ,40.00,"Beautiful multipurpose inks which give the illusion, texture and feel of chalk pastels when dry.",Inks & Paints,The Wholesaler,,kg,Draft
Chalk-Ink,https://www.thewholesaler.biz/images/prods/big/GD-000-063.jpg,TGD-63,VersaMagic Dew Drop Ink Pad - Eggplant,40.00,"Beautiful multipurpose inks which give the illusion, texture and feel of chalk pastels when dry.",Inks & Paints,The Wholesaler,,kg,Draft
Chalk-Ink,https://www.thewholesaler.biz/images/prods/big/GD-000-072.jpg,TGD-72,VersaMagic Dew Drop Ink Pad - Sahara Sand,40.00,"Beautiful multipurpose inks which give the illusion, texture and feel of chalk pastels when dry.",Inks & Paints,The Wholesaler,,kg,Draft
Chalk-Ink,https://www.thewholesaler.biz/images/prods/big/GD-000-074.jpg,TGD-74,VersaMagic Dew Drop Ink Pad - Pink Grapefruit,40.00,"Beautiful multipurpose inks which give the illusion, texture and feel of chalk pastels when dry.",Inks & Paints,The Wholesaler,,kg,Draft
Chalk-Ink,https://www.thewholesaler.biz/images/prods/big/GD-000-075.jpg,TGD-75,VersaMagic Dew Drop Ink Pad - Pink Petunia,40.00,"Beautiful multipurpose inks which give the illusion, texture and feel of chalk pastels when dry.",Inks & Paints,The Wholesaler,,kg,Draft
Chalk-Ink,https://www.thewholesaler.biz/images/prods/big/GD-000-076.jpg,TGD-76,VersaMagic Dew Drop Ink Pad - Malted Mauve,40.00,"Beautiful multipurpose inks which give the illusion, texture and feel of chalk pastels when dry.",Inks & Paints,The Wholesaler,,kg,Draft
Chalk-Ink,https://www.thewholesaler.biz/images/prods/big/GD-000-077.jpg,TGD-77,VersaMagic Dew Drop Ink Pad - Aspen Mist,40.00,"Beautiful multipurpose inks which give the illusion, texture and feel of chalk pastels when dry.",Inks & Paints,The Wholesaler,,kg,Draft
Chalk-Ink,https://www.thewholesaler.biz/images/prods/big/GD-000-078.jpg,TGD-78,VersaMagic Dew Drop Ink Pad - Aegean Blue,40.00,"Beautiful multipurpose inks which give the illusion, texture and feel of chalk pastels when dry.",Inks & Paints,The Wholesaler,,kg,Draft
Chalk-Ink,https://www.thewholesaler.biz/images/prods/big/GD-000-079.jpg,TGD-79,VersaMagic Dew Drop Ink Pad - Oasis Green,40.00,"Beautiful multipurpose inks which give the illusion, texture and feel of chalk pastels when dry.",Inks & Paints,The Wholesaler,,kg,Draft
Chalk-Ink,https://www.thewholesaler.biz/images/prods/big/GD-000-080.jpg,TGD-80,VersaMagic Dew Drop Ink Pad - Aloe Vera,40.00,"Beautiful multipurpose inks which give the illusion, texture and feel of chalk pastels when dry.",Inks & Paints,The Wholesaler,,kg,Draft
Chalk-Ink,https://www.thewholesaler.biz/images/prods/big/GD-000-081.jpg,TGD-81,VersaMagic Dew Drop Ink Pad - Niagra Mist,40.00,"Beautiful multipurpose inks which give the illusion, texture and feel of chalk pastels when dry.",Inks & Paints,The Wholesaler,,kg,Draft
Chalk-Ink,https://www.thewholesaler.biz/images/prods/big/GD-000-082.jpg,TGD-82,VersaMagic Dew Drop Ink Pad - Wheat,40.00,"Beautiful multipurpose inks which give the illusion, texture and feel of chalk pastels when dry.",Inks & Paints,The Wholesaler,,kg,Draft
Chalk-Ink,https://www.thewholesaler.biz/images/prods/big/GD-000-083.jpg,TGD-83,VersaMagic Dew Drop Ink Pad - Sage,40.00,"Beautiful multipurpose inks which give the illusion, texture and feel of chalk pastels when dry.",Inks & Paints,The Wholesaler,,kg,Draft
Chalk-Ink,https://www.thewholesaler.biz/images/prods/big/GD-000-091.jpg,TGD-91,VersaMagic Dew Drop Ink Pad - Midnight Black,40.00,"Beautiful multipurpose inks which give the illusion, texture and feel of chalk pastels when dry.",Inks & Paints,The Wholesaler,,kg,Draft
Chalk-Ink,https://www.thewholesaler.biz/images/prods/big/GD-000-092.jpg,TGD-92,VersaMagic Dew Drop Ink Pad - Cloud White,40.00,"Beautiful multipurpose inks which give the illusion, texture and feel of chalk pastels when dry.",Inks & Paints,The Wholesaler,,kg,Draft
Chalk-Ink,https://www.thewholesaler.biz/images/prods/big/GD-000-011.jpg,TGD-11,VersaMagic Dew Drop Ink Pad - Mango Madness,40.00,"Beautiful multipurpose inks which give the illusion, texture and feel of chalk pastels when dry.",Inks & Paints,The Wholesaler,,kg,Draft
Chalk-Ink,https://www.thewholesaler.biz/images/prods/big/GD-000-012.jpg,TGD-12,VersaMagic Dew Drop Ink Pad - Red Magic,40.00,"Beautiful multipurpose inks which give the illusion, texture and feel of chalk pastels when dry.",Inks & Paints,The Wholesaler,,kg,Draft
Chalk-Ink,https://www.thewholesaler.biz/images/prods/big/GD-000-015.jpg,TGD-15,VersaMagic Dew Drop Ink Pad - Turquoise Gem,40.00,"Beautiful multipurpose inks which give the illusion, texture and feel of chalk pastels when dry.",Inks & Paints,The Wholesaler,,kg,Draft
Chalk-Ink,https://www.thewholesaler.biz/images/prods/big/GD-000-031.jpg,TGD-31,VersaMagic Dew Drop Ink Pad - Thatched Straw,40.00,"Beautiful multipurpose inks which give the illusion, texture and feel of chalk pastels when dry.",Inks & Paints,The Wholesaler,,kg,Draft
Chalk-Ink,https://www.thewholesaler.biz/images/prods/big/GD-000-033.jpg,TGD-33,VersaMagic Dew Drop Ink Pad - Persimmon,40.00,"Beautiful multipurpose inks which give the illusion, texture and feel of chalk pastels when dry.",Inks & Paints,The Wholesaler,,kg,Draft
Flowers,https://www.thewholesaler.biz/images/prods/big/Little-Birdie-Flowers-LBCR92685-Sunshine.jpg,LBCR92685,Avalon - Sunshine (12pc),35.00,"Exquisite handmade paper flowers, perfect for embellishing scrapbook pages and cards.",Embellishments,The Wholesaler,,kg,Draft
Flowers,https://www.thewholesaler.biz/images/prods/big/Little-Birdie-Flowers-LBCR92633.jpg,LBCR92633,Candace - Fairy Garden (25pc) ,25.00,"Exquisite handmade paper flowers, perfect for embellishing scrapbook pages and cards.",Embellishments,The Wholesaler,,kg,Draft
Flowers,https://www.thewholesaler.biz/images/prods/big/Little-Birdie-Flowers-LBCR92637.jpg,LBCR92637,Candace - Ivory Pearl (25pc) ,25.00,"Exquisite handmade paper flowers, perfect for embellishing scrapbook pages and cards.",Embellishments,The Wholesaler,,kg,Draft
Flowers,https://www.thewholesaler.biz/images/prods/big/Little-Birdie-Flowers-LBCR92638.jpg,LBCR92638,Candace - Precious Pink (25pc) ,25.00,"Exquisite handmade paper flowers, perfect for embellishing scrapbook pages and cards.",Embellishments,The Wholesaler,,kg,Draft
Flowers,https://www.thewholesaler.biz/images/prods/big/Little-Birdie-Flowers-LBCR92640.jpg,LBCR92640,Candace - Cardinal Red (25pc) ,25.00,"Exquisite handmade paper flowers, perfect for embellishing scrapbook pages and cards.",Embellishments,The Wholesaler,,kg,Draft
Flowers,https://www.thewholesaler.biz/images/prods/big/Little-Birdie-Flowers-LBCR92681.jpg,LBCR92681,Avalon - Sun & Rain (12pc),35.00,"Exquisite handmade paper flowers, perfect for embellishing scrapbook pages and cards.",Embellishments,The Wholesaler,,kg,Draft
Flowers,https://www.thewholesaler.biz/images/prods/big/Little-Birdie-Flowers-LBCR92682.jpg,LBCR92682,Avalon - Pink Passion (12pc),35.00,"Exquisite handmade paper flowers, perfect for embellishing scrapbook pages and cards.",Embellishments,The Wholesaler,,kg,Draft
Flowers,https://www.thewholesaler.biz/images/prods/big/Little-Birdie-Flowers-LBCR92683.jpg,LBCR92683,Avalon - Fairy Garden (12pc),35.00,"Exquisite handmade paper flowers, perfect for embellishing scrapbook pages and cards.",Embellishments,The Wholesaler,,kg,Draft
Flowers,https://www.thewholesaler.biz/images/prods/big/Little-Birdie-Flowers-LBCR92684.jpg,LBCR92684,Avalon - Grape Surprise (12pc),35.00,"Exquisite handmade paper flowers, perfect for embellishing scrapbook pages and cards.",Embellishments,The Wholesaler,,kg,Draft
Flowers,https://www.thewholesaler.biz/images/prods/big/Little-Birdie-Flowers-LBCR92686.jpg,LBCR92686,Avalon - Blue Sky (12pc),35.00,"Exquisite handmade paper flowers, perfect for embellishing scrapbook pages and cards.",Embellishments,The Wholesaler,,kg,Draft
Flowers,https://www.thewholesaler.biz/images/prods/big/Little-Birdie-Flowers-LBCR92687.jpg,LBCR92687,Avalon - Ivory Pearl (12pc),35.00,"Exquisite handmade paper flowers, perfect for embellishing scrapbook pages and cards.",Embellishments,The Wholesaler,,kg,Draft
Flowers,https://www.thewholesaler.biz/images/prods/big/Little-Birdie-Flowers-LBCR92688.jpg,LBCR92688,Avalon - Precious Pink (12pc),35.00,"Exquisite handmade paper flowers, perfect for embellishing scrapbook pages and cards.",Embellishments,The Wholesaler,,kg,Draft
Flowers,https://www.thewholesaler.biz/images/prods/big/Little-Birdie-Flowers-LBCR92689.jpg,LBCR92689,Avalon - Sunny Rose (12pc),35.00,"Exquisite handmade paper flowers, perfect for embellishing scrapbook pages and cards.",Embellishments,The Wholesaler,,kg,Draft
Flowers,https://www.thewholesaler.biz/images/prods/big/Little-Birdie-Flowers-LBCR92813.jpg,LBCR92813,Sparkle Florettes - Sun & Rain (80pc),39.00,"Exquisite handmade paper flowers, perfect for embellishing scrapbook pages and cards.",Embellishments,The Wholesaler,,kg,Draft
Flowers,https://www.thewholesaler.biz/images/prods/big/Little-Birdie-Flowers-LBCR92814.jpg,LBCR92814,Sparkle Florettes - Pink Passion (80pc),39.00,"Exquisite handmade paper flowers, perfect for embellishing scrapbook pages and cards.",Embellishments,The Wholesaler,,kg,Draft
Flowers,https://www.thewholesaler.biz/images/prods/big/Little-Birdie-Flowers-LBCR92815.jpg,LBCR92815, Sparkle Florettes - Fairy Garden (80pc),39.00,"Exquisite handmade paper flowers, perfect for embellishing scrapbook pages and cards.",Embellishments,The Wholesaler,,kg,Draft
Flowers,https://www.thewholesaler.biz/images/prods/big/Little-Birdie-Flowers-LBCR92817.jpg,LBCR92817,Sparkle Florettes - Sunshine (80pc),39.00,"Exquisite handmade paper flowers, perfect for embellishing scrapbook pages and cards.",Embellishments,The Wholesaler,,kg,Draft
Flowers,https://www.thewholesaler.biz/images/prods/big/Little-Birdie-Flowers-LBCR92818.jpg,LBCR92818,Sparkle Florettes - Blue Sky (80pc),39.00,"Exquisite handmade paper flowers, perfect for embellishing scrapbook pages and cards.",Embellishments,The Wholesaler,,kg,Draft
Flowers,https://www.thewholesaler.biz/images/prods/big/Little-Birdie-Flowers-LBCR92819.jpg,LBCR92819,Sparkle Florettes - Ivory Pearl (80pc),39.00,"Exquisite handmade paper flowers, perfect for embellishing scrapbook pages and cards.",Embellishments,The Wholesaler,,kg,Draft
Flowers,https://www.thewholesaler.biz/images/prods/big/Little-Birdie-Flowers-LBCR92821.jpg,LBCR92821,Sparkle Florettes - Sunny Rose (80pc),39.00,"Exquisite handmade paper flowers, perfect for embellishing scrapbook pages and cards.",Embellishments,The Wholesaler,,kg,Draft
Flowers,https://www.thewholesaler.biz/images/prods/big/Little-Birdie-Flowers-LBCR93087.jpg,LBCR93087,Fiorella - Fairy Garden (10pc),30.00,"Exquisite handmade paper flowers, perfect for embellishing scrapbook pages and cards.",Embellishments,The Wholesaler,,kg,Draft
Flowers,https://www.thewholesaler.biz/images/prods/big/Little-Birdie-Flowers-LBCR93091.jpg,LBCR93091,Fiorella - Precious Pink (10pc),30.00,"Exquisite handmade paper flowers, perfect for embellishing scrapbook pages and cards.",Embellishments,The Wholesaler,,kg,Draft
Flowers,https://www.thewholesaler.biz/images/prods/big/Little-Birdie-Flowers-LBCR93093.jpg,LBCR93093,Fiorella - Garden Red (10pc),30.00,"Exquisite handmade paper flowers, perfect for embellishing scrapbook pages and cards.",Embellishments,The Wholesaler,,kg,Draft
Flowers,https://www.thewholesaler.biz/images/prods/big/Little-Birdie-Flowers-LBCR93094.jpg,LBCR93094,Fiorella - Ivory Pearl (10pc),30.00,"Exquisite handmade paper flowers, perfect for embellishing scrapbook pages and cards.",Embellishments,The Wholesaler,,kg,Draft
Flowers,https://www.thewholesaler.biz/images/prods/big/Little-Birdie-Flowers-LBCR93095.jpg,LBCR93095,Janice - Sun & Rain (50pc),35.00,"Exquisite handmade paper flowers, perfect for embellishing scrapbook pages and cards.",Embellishments,The Wholesaler,,kg,Draft
Flowers,https://www.thewholesaler.biz/images/prods/big/Little-Birdie-Flowers-LBCR93096.jpg,LBCR93096,Janice - Pink Passion (50pc),35.00,"Exquisite handmade paper flowers, perfect for embellishing scrapbook pages and cards.",Embellishments,The Wholesaler,,kg,Draft
Flowers,https://www.thewholesaler.biz/images/prods/big/Little-Birdie-Flowers-LBCR93097.jpg,LBCR93097,Janice - Fairy Garden (50pc),35.00,"Exquisite handmade paper flowers, perfect for embellishing scrapbook pages and cards.",Embellishments,The Wholesaler,,kg,Draft
Flowers,https://www.thewholesaler.biz/images/prods/big/Little-Birdie-Flowers-LBCR93098.jpg,LBCR93098,Janice - Grape Surprise (50pc),35.00,"Exquisite handmade paper flowers, perfect for embellishing scrapbook pages and cards.",Embellishments,The Wholesaler,,kg,Draft
Flowers,https://www.thewholesaler.biz/images/prods/big/Little-Birdie-Flowers-LBCR93099.jpg,LBCR93099,Janice - Sunshine (50pc),35.00,"Exquisite handmade paper flowers, perfect for embellishing scrapbook pages and cards.",Embellishments,The Wholesaler,,kg,Draft
Flowers,https://www.thewholesaler.biz/images/prods/big/Little-Birdie-Flowers-LBCR93100.jpg,LBCR93100,Janice - Blue Sky (50pc),35.00,"Exquisite handmade paper flowers, perfect for embellishing scrapbook pages and cards.",Embellishments,The Wholesaler,,kg,Draft
Flowers,https://www.thewholesaler.biz/images/prods/big/Little-Birdie-Flowers-LBCR93101.jpg,LBCR93101,Janice - Precious Pink (50pc),35.00,"Exquisite handmade paper flowers, perfect for embellishing scrapbook pages and cards.",Embellishments,The Wholesaler,,kg,Draft
Flowers,https://www.thewholesaler.biz/images/prods/big/Little-Birdie-Flowers-LBCR93102.jpg,LBCR93102,Janice - Sunny Rose (50pc),35.00,"Exquisite handmade paper flowers, perfect for embellishing scrapbook pages and cards.",Embellishments,The Wholesaler,,kg,Draft
Flowers,https://www.thewholesaler.biz/images/prods/big/Little-Birdie-Flowers-LBCR93310.jpg,LBCR93310 ,Janice - Ivory Pearl (50pc),35.00,"Exquisite handmade paper flowers, perfect for embellishing scrapbook pages and cards.",Embellishments,The Wholesaler,,kg,Draft
Flowers,https://www.thewholesaler.biz/images/prods/big/Little-Birdie-Flowers-LBCR94189.jpg,LBCR94189,Pearl Petites - Ivory Pearl (30pc),25.00,"Exquisite handmade paper flowers, perfect for embellishing scrapbook pages and cards.",Embellishments,The Wholesaler,,kg,Draft
Flowers,https://www.thewholesaler.biz/images/prods/big/Little-Birdie-Flowers-LBCR94190.jpg,LBCR94190,Pearl Petites - Precious Pink (30pc),25.00,"Exquisite handmade paper flowers, perfect for embellishing scrapbook pages and cards.",Embellishments,The Wholesaler,,kg,Draft
Flowers,https://www.thewholesaler.biz/images/prods/big/Little-Birdie-Flowers-LBCR94205.jpg,LBCR94205,Beaded Blooms - Ivory Pearl (30pc),25.00,"Exquisite handmade paper flowers, perfect for embellishing scrapbook pages and cards.",Embellishments,The Wholesaler,,kg,Draft
Flowers,https://www.thewholesaler.biz/images/prods/big/Little-Birdie-Flowers-LBCR94225.jpg,LBCR94225,Carin - Cardinal Red (30pc),30.00,"Exquisite handmade paper flowers, perfect for embellishing scrapbook pages and cards.",Embellishments,The Wholesaler,,kg,Draft
Flowers,https://www.thewholesaler.biz/images/prods/big/Little-Birdie-Flowers-LBCR94226.jpg,LBCR94226,Carin - Ivory Pearl (30pc),30.00,"Exquisite handmade paper flowers, perfect for embellishing scrapbook pages and cards.",Embellishments,The Wholesaler,,kg,Draft
Flowers,https://www.thewholesaler.biz/images/prods/big/Little-Birdie-Flowers-LBCR94227.jpg,LBCR94227,Carin - Precious Pink (30pc),30.00,"Exquisite handmade paper flowers, perfect for embellishing scrapbook pages and cards.",Embellishments,The Wholesaler,,kg,Draft
Flowers,https://www.thewholesaler.biz/images/prods/big/Little-Birdie-Flowers-LBCR94228.jpg,LBCR94228,Carin - Fairy Garden (30pc),30.00,"Exquisite handmade paper flowers, perfect for embellishing scrapbook pages and cards.",Embellishments,The Wholesaler,,kg,Draft
Flowers,https://www.thewholesaler.biz/images/prods/big/Little-Birdie-Flowers-LBCR94240.jpg,LBCR94240,Esme - Fairy Garden (50pc),25.00,"Exquisite handmade paper flowers, perfect for embellishing scrapbook pages and cards.",Embellishments,The Wholesaler,,kg,Draft
Flowers,https://www.thewholesaler.biz/images/prods/big/Little-Birdie-Flowers-LBCR94244.jpg,LBCR94244,Galina - Fairy Garden (4pc),30.00,"Exquisite handmade paper flowers, perfect for embellishing scrapbook pages and cards.",Embellishments,The Wholesaler,,kg,Draft
Flowers,https://www.thewholesaler.biz/images/prods/big/Little-Birdie-Flowers-LBCR94252.jpg,LBCR94252,Cloria - Fairy Garden (12pc),25.00,"Exquisite handmade paper flowers, perfect for embellishing scrapbook pages and cards.",Embellishments,The Wholesaler,,kg,Draft
Flowers,https://www.thewholesaler.biz/images/prods/big/Little-Birdie-Flowers-LBCR94291.jpg,LBCR94291,Liora - Precious Pink (9pc),25.00,"Exquisite handmade paper flowers, perfect for embellishing scrapbook pages and cards.",Embellishments,The Wholesaler,,kg,Draft
Flowers,https://www.thewholesaler.biz/images/prods/big/Little-Birdie-Flowers-LBCR94313.jpg,LBCR94313,Embossed Daisies - Cardinal Red (12pc),30.00,"Exquisite handmade paper flowers, perfect for embellishing scrapbook pages and cards.",Embellishments,The Wholesaler,,kg,Draft
Flowers,https://www.thewholesaler.biz/images/prods/big/Little-Birdie-Flowers-LBCR94314.jpg,LBCR94314,Embossed Daisies - Ivory Pearl (12pc),30.00,"Exquisite handmade paper flowers, perfect for embellishing scrapbook pages and cards.",Embellishments,The Wholesaler,,kg,Draft
Flowers,https://www.thewholesaler.biz/images/prods/big/Little-Birdie-Flowers-LBCR94315.jpg,LBCR94315,Embossed Daisies - Precious Pink (12pc),30.00,"Exquisite handmade paper flowers, perfect for embellishing scrapbook pages and cards.",Embellishments,The Wholesaler,,kg,Draft
Flowers,https://www.thewholesaler.biz/images/prods/big/Little-Birdie-Flowers-LBCR94316.jpg,LBCR94316,Embossed Daisies - Fairy Garden (12pc),30.00,"Exquisite handmade paper flowers, perfect for embellishing scrapbook pages and cards.",Embellishments,The Wholesaler,,kg,Draft
Flowers,https://www.thewholesaler.biz/images/prods/big/Little-Birdie-Flowers-LBCR94341.jpg,LBCR94341,Butter Cup - Cardinal Red (8pc),25.00,"Exquisite handmade paper flowers, perfect for embellishing scrapbook pages and cards.",Embellishments,The Wholesaler,,kg,Draft
Flowers,https://www.thewholesaler.biz/images/prods/big/Little-Birdie-Flowers-LBCR94342.jpg,LBCR94342,Butter Cup - Ivory Pearl (8pc),25.00,"Exquisite handmade paper flowers, perfect for embellishing scrapbook pages and cards.",Embellishments,The Wholesaler,,kg,Draft
Flowers,https://www.thewholesaler.biz/images/prods/big/Little-Birdie-Flowers-LBCR94343.jpg,LBCR94343,Butter Cup - Precious Pink (8pc),25.00,"Exquisite handmade paper flowers, perfect for embellishing scrapbook pages and cards.",Embellishments,The Wholesaler,,kg,Draft
Flowers,https://www.thewholesaler.biz/images/prods/big/Little-Birdie-Flowers-LBCR94344.jpg,LBCR94344,Butter Cup - Fairy Garden (8pc),25.00,"Exquisite handmade paper flowers, perfect for embellishing scrapbook pages and cards.",Embellishments,The Wholesaler,,kg,Draft
Flowers,https://www.thewholesaler.biz/images/prods/big/Little-Birdie-Flowers-LBCR94358.jpg,LBCR94358,Valerie - Ivory Pearl (8pc),30.00,"Exquisite handmade paper flowers, perfect for embellishing scrapbook pages and cards.",Embellishments,The Wholesaler,,kg,Draft
Flowers,https://www.thewholesaler.biz/images/prods/big/Little-Birdie-Flowers-LBCR94359.jpg,LBCR94359,Valerie - Precious Pink (8pc),30.00,"Exquisite handmade paper flowers, perfect for embellishing scrapbook pages and cards.",Embellishments,The Wholesaler,,kg,Draft
Flowers,https://www.thewholesaler.biz/images/prods/big/Little-Birdie-Flowers-LBCR94360.jpg,LBCR94360,Valerie - Fairy Garden (8pc),30.00,"Exquisite handmade paper flowers, perfect for embellishing scrapbook pages and cards.",Embellishments,The Wholesaler,,kg,Draft
Flowers,https://www.thewholesaler.biz/images/prods/big/Little-Birdie-Flowers-LBCR94411.jpg,LBCR94411,Ijra - Fairy Garden (15pc),25.00,"Exquisite handmade paper flowers, perfect for embellishing scrapbook pages and cards.",Embellishments,The Wholesaler,,kg,Draft
Flowers,https://www.thewholesaler.biz/images/prods/big/Little-Birdie-Flowers-LBCR94416.jpg,LBCR94416,Elira - Cardinal Red (24pc),25.00,"Exquisite handmade paper flowers, perfect for embellishing scrapbook pages and cards.",Embellishments,The Wholesaler,,kg,Draft
Flowers,https://www.thewholesaler.biz/images/prods/big/Little-Birdie-Flowers-LBCR94417.jpg,LBCR94417,Elira - Ivory Pearl (24pc),25.00,"Exquisite handmade paper flowers, perfect for embellishing scrapbook pages and cards.",Embellishments,The Wholesaler,,kg,Draft
Flowers,https://www.thewholesaler.biz/images/prods/big/Little-Birdie-Flowers-LBCR94418.jpg,LBCR94418,Elira - Precious Pink (24pc),25.00,"Exquisite handmade paper flowers, perfect for embellishing scrapbook pages and cards.",Embellishments,The Wholesaler,,kg,Draft
Flowers,https://www.thewholesaler.biz/images/prods/big/Little-Birdie-Flowers-LBCR94419.jpg,LBCR94419,Elira - Fairy Garden (24pc),25.00,"Exquisite handmade paper flowers, perfect for embellishing scrapbook pages and cards.",Embellishments,The Wholesaler,,kg,Draft
Flowers,https://www.thewholesaler.biz/images/prods/big/Little-Birdie-Flowers-LBCR94431.jpg,LBCR94431,Analee - Fairy Garden (6pc),25.00,"Exquisite handmade paper flowers, perfect for embellishing scrapbook pages and cards.",Embellishments,The Wholesaler,,kg,Draft
Flowers,https://www.thewholesaler.biz/images/prods/big/Little-Birdie-Flowers-LBCR92911.jpg,LBCR92911,Jewel Butterfly - Pink (17pc),20.00,"Exquisite handmade paper flowers, perfect for embellishing scrapbook pages and cards.",Embellishments,The Wholesaler,,kg,Draft
Flowers,https://www.thewholesaler.biz/images/prods/big/Little-Birdie-Flowers-LBCR93993.jpg,LBCR93993,Jewel Butterfly - Amber (17pc),20.00,"Exquisite handmade paper flowers, perfect for embellishing scrapbook pages and cards.",Embellishments,The Wholesaler,,kg,Draft
Flowers,https://www.thewholesaler.biz/images/prods/big/Little-Birdie-Flowers-LBCR93994.jpg,LBCR93994,Jewel Butterfly - Pastel Purple (17pc),20.00,"Exquisite handmade paper flowers, perfect for embellishing scrapbook pages and cards.",Embellishments,The Wholesaler,,kg,Draft
Flowers,https://www.thewholesaler.biz/images/prods/big/Little-Birdie-Flowers-LBCR93995.jpg,LBCR93995,Jewel Butterfly - Blue Charm (17pc),20.00,"Exquisite handmade paper flowers, perfect for embellishing scrapbook pages and cards.",Embellishments,The Wholesaler,,kg,Draft
Flowers,https://www.thewholesaler.biz/images/prods/big/Little-Birdie-Flowers-LBCR92212.jpg,LBCR92212,Astra - Sun & Rain (6pc),35.00,"Exquisite handmade paper flowers, perfect for embellishing scrapbook pages and cards.",Embellishments,The Wholesaler,,kg,Draft
Flowers,https://www.thewholesaler.biz/images/prods/big/Little-Birdie-Flowers-LBCR92213.jpg,LBCR92213,Astra - Pink Passion (6pc),35.00,"Exquisite handmade paper flowers, perfect for embellishing scrapbook pages and cards.",Embellishments,The Wholesaler,,kg,Draft
Flowers,https://www.thewholesaler.biz/images/prods/big/Little-Birdie-Flowers-LBCR92214.jpg,LBCR92214,Astra - Fairy Garden (6pc),35.00,"Exquisite handmade paper flowers, perfect for embellishing scrapbook pages and cards.",Embellishments,The Wholesaler,,kg,Draft
Flowers,https://www.thewholesaler.biz/images/prods/big/Little-Birdie-Flowers-LBCR92219.jpg,LBCR92219,Astra - Precious Pink (6pc),35.00,"Exquisite handmade paper flowers, perfect for embellishing scrapbook pages and cards.",Embellishments,The Wholesaler,,kg,Draft
Flowers,https://www.thewholesaler.biz/images/prods/big/Little-Birdie-Flowers-LBCR92232.jpg,LBCR92232,Carin - Sun & Rain (40pc),35.00,"Exquisite handmade paper flowers, perfect for embellishing scrapbook pages and cards.",Embellishments,The Wholesaler,,kg,Draft
Flowers,https://www.thewholesaler.biz/images/prods/big/Little-Birdie-Flowers-LBCR92240.jpg,LBCR92240,Carin - Sunny Rose (40pc),35.00,"Exquisite handmade paper flowers, perfect for embellishing scrapbook pages and cards.",Embellishments,The Wholesaler,,kg,Draft
Flowers,https://www.thewholesaler.biz/images/prods/big/Little-Birdie-Flowers-LBCR92252.jpg,LBCR92252,Cora - Sun & Rain (10pc) ,45.00,"Exquisite handmade paper flowers, perfect for embellishing scrapbook pages and cards.",Embellishments,The Wholesaler,,kg,Draft
Flowers,https://www.thewholesaler.biz/images/prods/big/Little-Birdie-Flowers-LBCR92253.jpg,LBCR92253,Cora - Pink Passion (10pc) ,45.00,"Exquisite handmade paper flowers, perfect for embellishing scrapbook pages and cards.",Embellishments,The Wholesaler,,kg,Draft
Flowers,https://www.thewholesaler.biz/images/prods/big/Little-Birdie-Flowers-LBCR92254.jpg,LBCR92254,Cora - Fairy Garden (10pc) ,45.00,"Exquisite handmade paper flowers, perfect for embellishing scrapbook pages and cards.",Embellishments,The Wholesaler,,kg,Draft
Flowers,https://www.thewholesaler.biz/images/prods/big/Little-Birdie-Flowers-LBCR92255.jpg,LBCR92255,Cora - Grape Surprise (10pc) ,45.00,"Exquisite handmade paper flowers, perfect for embellishing scrapbook pages and cards.",Embellishments,The Wholesaler,,kg,Draft
Flowers,https://www.thewholesaler.biz/images/prods/big/Little-Birdie-Flowers-LBCR92256.jpg,LBCR92256,Cora - Sunshine (10pc) ,45.00,"Exquisite handmade paper flowers, perfect for embellishing scrapbook pages and cards.",Embellishments,The Wholesaler,,kg,Draft
Flowers,https://www.thewholesaler.biz/images/prods/big/Little-Birdie-Flowers-LBCR92257.jpg,LBCR92257,Cora - Blue Sky (10pc) ,45.00,"Exquisite handmade paper flowers, perfect for embellishing scrapbook pages and cards.",Embellishments,The Wholesaler,,kg,Draft
Flowers,https://www.thewholesaler.biz/images/prods/big/Little-Birdie-Flowers-LBCR92260.jpg,LBCR92260,Cora - Sunny Rose (10pc) ,45.00,"Exquisite handmade paper flowers, perfect for embellishing scrapbook pages and cards.",Embellishments,The Wholesaler,,kg,Draft
Flowers,https://www.thewholesaler.biz/images/prods/big/Little-Birdie-Flowers-LBCR92323.jpg,LBCR92323,Galina - Pink Passion (7pc),45.00,"Exquisite handmade paper flowers, perfect for embellishing scrapbook pages and cards.",Embellishments,The Wholesaler,,kg,Draft
Flowers,https://www.thewholesaler.biz/images/prods/big/Little-Birdie-Flowers-LBCR92326.jpg,LBCR92326,Galina - Sunshine (7pc),45.00,"Exquisite handmade paper flowers, perfect for embellishing scrapbook pages and cards.",Embellishments,The Wholesaler,,kg,Draft
Flowers,https://www.thewholesaler.biz/images/prods/big/Little-Birdie-Flowers-LBCR92334.jpg,LBCR92334,Frona - Fairy Garden (8pc),25.00,"Exquisite handmade paper flowers, perfect for embellishing scrapbook pages and cards.",Embellishments,The Wholesaler,,kg,Draft
Flowers,https://www.thewholesaler.biz/images/prods/big/Little-Birdie-Flowers-LBCR92338.jpg,LBCR92338,Frona - Ivory Pearl (8pc),25.00,"Exquisite handmade paper flowers, perfect for embellishing scrapbook pages and cards.",Embellishments,The Wholesaler,,kg,Draft
Flowers,https://www.thewholesaler.biz/images/prods/big/Little-Birdie-Flowers-LBCR92339.jpg,LBCR92339,Frona - Precious Pink (8pc),25.00,"Exquisite handmade paper flowers, perfect for embellishing scrapbook pages and cards.",Embellishments,The Wholesaler,,kg,Draft
Flowers,https://www.thewholesaler.biz/images/prods/big/Little-Birdie-Flowers-LBCR92344.jpg,LBCR92344,Georgina - Fairy Garden (24pc),25.00,"Exquisite handmade paper flowers, perfect for embellishing scrapbook pages and cards.",Embellishments,The Wholesaler,,kg,Draft
Flowers,https://www.thewholesaler.biz/images/prods/big/Little-Birdie-Flowers-LBCR92362.jpg,LBCR92362,Ilona - Sun & Rain (5pc),35.00,"Exquisite handmade paper flowers, perfect for embellishing scrapbook pages and cards.",Embellishments,The Wholesaler,,kg,Draft
Flowers,https://www.thewholesaler.biz/images/prods/big/Little-Birdie-Flowers-LBCR92363.jpg,LBCR92363,Ilona - Pink Passion (5pc),35.00,"Exquisite handmade paper flowers, perfect for embellishing scrapbook pages and cards.",Embellishments,The Wholesaler,,kg,Draft
Flowers,https://www.thewholesaler.biz/images/prods/big/Little-Birdie-Flowers-LBCR92370.jpg,LBCR92370,Ilona - Sunny Rose (5pc),35.00,"Exquisite handmade paper flowers, perfect for embellishing scrapbook pages and cards.",Embellishments,The Wholesaler,,kg,Draft
Flowers,https://www.thewholesaler.biz/images/prods/big/Little-Birdie-Flowers-LBCR92402.jpg,LBCR92402,Karla - Sun & Rain (5pc),35.00,"Exquisite handmade paper flowers, perfect for embellishing scrapbook pages and cards.",Embellishments,The Wholesaler,,kg,Draft
Flowers,https://www.thewholesaler.biz/images/prods/big/Little-Birdie-Flowers-LBCR92403.jpg,LBCR92403,Karla - Pink Passion (5pc),35.00,"Exquisite handmade paper flowers, perfect for embellishing scrapbook pages and cards.",Embellishments,The Wholesaler,,kg,Draft
Flowers,https://www.thewholesaler.biz/images/prods/big/Little-Birdie-Flowers-LBCR92404.jpg,LBCR92404,Karla - Fairy Garden (5pc),35.00,"Exquisite handmade paper flowers, perfect for embellishing scrapbook pages and cards.",Embellishments,The Wholesaler,,kg,Draft
Flowers,https://www.thewholesaler.biz/images/prods/big/Little-Birdie-Flowers-LBCR92406.jpg,LBCR92406,Karla - Sunshine (5pc),35.00,"Exquisite handmade paper flowers, perfect for embellishing scrapbook pages and cards.",Embellishments,The Wholesaler,,kg,Draft
Flowers,https://www.thewholesaler.biz/images/prods/big/Little-Birdie-Flowers-LBCR92410.jpg,LBCR92410,Karla - Sunny Rose (5pc),35.00,"Exquisite handmade paper flowers, perfect for embellishing scrapbook pages and cards.",Embellishments,The Wholesaler,,kg,Draft
Flowers,https://www.thewholesaler.biz/images/prods/big/Little-Birdie-Flowers-LBCR92484.jpg,LBCR92484,Jocelyn - Fairy Garden (8pc),25.00,"Exquisite handmade paper flowers, perfect for embellishing scrapbook pages and cards.",Embellishments,The Wholesaler,,kg,Draft
Flowers,https://www.thewholesaler.biz/images/prods/big/B333.jpg,B333,Sweetheart Blossoms - Lilac and Purple (20),30.00,"Exquisite handmade paper flowers, perfect for embellishing scrapbook pages and cards.",Embellishments,The Wholesaler,,kg,Draft
Flowers,https://www.thewholesaler.biz/images/prods/big/B331.jpg,B331,Sweetheart Blossoms - Pinks (20),30.00,"Exquisite handmade paper flowers, perfect for embellishing scrapbook pages and cards.",Embellishments,The Wholesaler,,kg,Draft
Flowers,https://www.thewholesaler.biz/images/prods/big/Little-Birdie-Sparkle-Florettes-Lavender-LBCR87224.jpg,LBCR87224,Sparkle Florettes - Lavender Whisper (60pc),36.00,"Exquisite handmade paper flowers, perfect for embellishing scrapbook pages and cards.",Embellishments,The Wholesaler,,kg,Draft
Flowers,https://www.thewholesaler.biz/images/prods/big/Uniquely-creative-UCE1885-Chantilly-Flowers.jpg,UCE1885,Chantilly Paper Flowers,110.00,"Exquisite handmade paper flowers, perfect for embellishing scrapbook pages and cards.",Embellishments,The Wholesaler,,kg,Draft
Flowers,https://www.thewholesaler.biz/images/prods/big/Little-Birdie-Paper-Flowers-LBCRCR87254.jpg,LBCR87254,Natalia - Aqua Splash (60pc),36.00,"Exquisite handmade paper flowers, perfect for embellishing scrapbook pages and cards.",Embellishments,The Wholesaler,,kg,Draft
Flowers,https://www.thewholesaler.biz/images/prods/big/Little-Birdie-Paper-Flowers-LBCRCR87255.jpg,LBCR87255,Natalia - Honey Apricot (60pc),36.00,"Exquisite handmade paper flowers, perfect for embellishing scrapbook pages and cards.",Embellishments,The Wholesaler,,kg,Draft
Flowers,https://www.thewholesaler.biz/images/prods/big/Little-Birdie-Paper-Flowers-LBCRCR87256.jpg,LBCR87256,Natalia - Ivory pearl (60pc),36.00,"Exquisite handmade paper flowers, perfect for embellishing scrapbook pages and cards.",Embellishments,The Wholesaler,,kg,Draft
Flowers,https://www.thewholesaler.biz/images/prods/big/Little-Birdie-Paper-Flowers-LBCRCR87257.jpg,LBCR87257,Natalia - Lavender Whisper (60pc),36.00,"Exquisite handmade paper flowers, perfect for embellishing scrapbook pages and cards.",Embellishments,The Wholesaler,,kg,Draft
Flowers,https://www.thewholesaler.biz/images/prods/big/Little-Birdie-Paper-Flowers-LBCRCR87258.jpg,LBCR87258,Natalia - Rosy Note (60pc),36.00,"Exquisite handmade paper flowers, perfect for embellishing scrapbook pages and cards.",Embellishments,The Wholesaler,,kg,Draft
Flowers,https://www.thewholesaler.biz/images/prods/big/Little-Birdie-Paper-Flowers-LBCRCR87259.jpg,LBCR87259,Natalia - Sage Cream (60pc),36.00,"Exquisite handmade paper flowers, perfect for embellishing scrapbook pages and cards.",Embellishments,The Wholesaler,,kg,Draft
Flowers,https://www.thewholesaler.biz/images/prods/big/Little-Birdie-Paper-Flowers-LBCRCR87260.jpg,LBCR87260,Natalia - Scarlet Blend (60pc),36.00,"Exquisite handmade paper flowers, perfect for embellishing scrapbook pages and cards.",Embellishments,The Wholesaler,,kg,Draft
Flowers,https://www.thewholesaler.biz/images/prods/big/Little-Birdie-Paper-Flowers-LBCRCR87221.JPG,LBCR87221,Sparkle Florettes - Aqua Splash (60pc),36.00,"Exquisite handmade paper flowers, perfect for embellishing scrapbook pages and cards.",Embellishments,The Wholesaler,,kg,Draft
Flowers,https://www.thewholesaler.biz/images/prods/big/Little-Birdie-Paper-Flowers-LBCRCR87223.JPG,LBCR87223,Sparkle Florettes - Ivory Pearl (60pc),36.00,"Exquisite handmade paper flowers, perfect for embellishing scrapbook pages and cards.",Embellishments,The Wholesaler,,kg,Draft
Flowers,https://www.thewholesaler.biz/images/prods/big/Little-Birdie-Paper-Flowers-LBCRCR87225.JPG,LBCR87225,Sparkle Florettes - Rosy Note (60pc),36.00,"Exquisite handmade paper flowers, perfect for embellishing scrapbook pages and cards.",Embellishments,The Wholesaler,,kg,Draft
Flowers,https://www.thewholesaler.biz/images/prods/big/Little-Birdie-Paper-Flowers-LBCRCR87064.jpg,LBCR87064,Halo - Aqua Splash (50pc),30.00,"Exquisite handmade paper flowers, perfect for embellishing scrapbook pages and cards.",Embellishments,The Wholesaler,,kg,Draft
Flowers,https://www.thewholesaler.biz/images/prods/big/Little-Birdie-Paper-Flowers-LBCRCR87066.jpg,LBCR87066,Halo - Rosy Note (50pc),30.00,"Exquisite handmade paper flowers, perfect for embellishing scrapbook pages and cards.",Embellishments,The Wholesaler,,kg,Draft
Flowers,https://www.thewholesaler.biz/images/prods/big/Little-Birdie-Paper-Flowers-LBCRCR87071.jpg,LBCR87071,Halo - Ivory pearl (50pc),30.00,"Exquisite handmade paper flowers, perfect for embellishing scrapbook pages and cards.",Embellishments,The Wholesaler,,kg,Draft
Flowers,https://www.thewholesaler.biz/images/prods/big/Bloom-paper-flowers-B450.jpg,B450,Magnolias - Earth Tone (10pc),50.00,"Exquisite handmade paper flowers, perfect for embellishing scrapbook pages and cards.",Embellishments,The Wholesaler,,kg,Draft
Flowers,https://www.thewholesaler.biz/images/prods/big/Bloom-paper-flowers-B499.jpg,B499,Sweetheart Blossoms - Baby Pink (20pc),30.00,"Exquisite handmade paper flowers, perfect for embellishing scrapbook pages and cards.",Embellishments,The Wholesaler,,kg,Draft
Flowers,https://www.thewholesaler.biz/images/prods/big/Bloom-paper-flowers-B501.jpg,B501,Sweetheart Blossoms - Light Blue (20pc),30.00,"Exquisite handmade paper flowers, perfect for embellishing scrapbook pages and cards.",Embellishments,The Wholesaler,,kg,Draft
Flowers,https://www.thewholesaler.biz/images/prods/big/B498.jpg,B498,Cottage Roses - Pastel (10pc),44.00,"Exquisite handmade paper flowers, perfect for embellishing scrapbook pages and cards.",Embellishments,The Wholesaler,,kg,Draft
Flowers,https://www.thewholesaler.biz/images/prods/big/Bloom-paper-flowers-B044.jpg,B044,Cosmos - White (10pc),30.00,"Exquisite handmade paper flowers, perfect for embellishing scrapbook pages and cards.",Embellishments,The Wholesaler,,kg,Draft
Flowers,https://www.thewholesaler.biz/images/prods/big/Bloom-paper-flowers-B150.jpg,B150,Cosmos - Aqua and Blue (10pc),30.00,"Exquisite handmade paper flowers, perfect for embellishing scrapbook pages and cards.",Embellishments,The Wholesaler,,kg,Draft
Flowers,https://www.thewholesaler.biz/images/prods/big/Bloom-paper-flowers-B210.jpg,B210,Chelsea Roses - Ivory (10pc),44.00,"Exquisite handmade paper flowers, perfect for embellishing scrapbook pages and cards.",Embellishments,The Wholesaler,,kg,Draft
Flowers,https://www.thewholesaler.biz/images/prods/big/Bloom-paper-flowers-B226.jpg,B226,Chelsea Roses - Baby Pink and Ivory (10pc),44.00,"Exquisite handmade paper flowers, perfect for embellishing scrapbook pages and cards.",Embellishments,The Wholesaler,,kg,Draft
Flowers,https://www.thewholesaler.biz/images/prods/big/Bloom-paper-flowers-B239.jpg,B239,Cosmos - Brown and White (10pc),30.00,"Exquisite handmade paper flowers, perfect for embellishing scrapbook pages and cards.",Embellishments,The Wholesaler,,kg,Draft
Flowers,https://www.thewholesaler.biz/images/prods/big/Bloom-paper-flowers-B251.jpg,B251,Cosmos - Red and White (10pc),30.00,"Exquisite handmade paper flowers, perfect for embellishing scrapbook pages and cards.",Embellishments,The Wholesaler,,kg,Draft
Flowers,https://www.thewholesaler.biz/images/prods/big/Bloom-paper-flowers-B267.jpg,B267,Chrysanthemums - Pink and White (10pc),44.00,"Exquisite handmade paper flowers, perfect for embellishing scrapbook pages and cards.",Embellishments,The Wholesaler,,kg,Draft
Flowers,https://www.thewholesaler.biz/images/prods/big/Bloom-paper-flowers-B270.jpg,B270,Chrysanthemums - Blue and Aqua (10pc),44.00,"Exquisite handmade paper flowers, perfect for embellishing scrapbook pages and cards.",Embellishments,The Wholesaler,,kg,Draft
Flowers,https://www.thewholesaler.biz/images/prods/big/Bloom-paper-flowers-B326.jpg,B326,Chrysanthemums - Earth Tones (10pc),44.00,"Exquisite handmade paper flowers, perfect for embellishing scrapbook pages and cards.",Embellishments,The Wholesaler,,kg,Draft
Flowers,https://www.thewholesaler.biz/images/prods/big/Bloom-paper-flowers-B359.jpg,B359,Apple Blossoms - Pastel (10pc),30.00,"Exquisite handmade paper flowers, perfect for embellishing scrapbook pages and cards.",Embellishments,The Wholesaler,,kg,Draft
Flowers,https://www.thewholesaler.biz/images/prods/big/Bloom-paper-flowers-B360.jpg,B360,Apple Blossoms - White (10pc),30.00,"Exquisite handmade paper flowers, perfect for embellishing scrapbook pages and cards.",Embellishments,The Wholesaler,,kg,Draft
Flowers,https://www.thewholesaler.biz/images/prods/big/Bloom-paper-flowers-B361.jpg,B361,Magnolias - Pastel (10pc),50.00,"Exquisite handmade paper flowers, perfect for embellishing scrapbook pages and cards.",Embellishments,The Wholesaler,,kg,Draft
Flowers,https://www.thewholesaler.biz/images/prods/big/Bloom-paper-flowers-B362.jpg,B362,Magnolias - White (10pc),50.00,"Exquisite handmade paper flowers, perfect for embellishing scrapbook pages and cards.",Embellishments,The Wholesaler,,kg,Draft
Flowers,https://www.thewholesaler.biz/images/prods/big/Bloom-paper-flowers-B417.jpg,B417,Apple Blossoms - Pink (10pc),30.00,"Exquisite handmade paper flowers, perfect for embellishing scrapbook pages and cards.",Embellishments,The Wholesaler,,kg,Draft
Flowers,https://www.thewholesaler.biz/images/prods/big/Bloom-paper-flowers-B421.jpg,B421,Magnolias - Pink (10pc),50.00,"Exquisite handmade paper flowers, perfect for embellishing scrapbook pages and cards.",Embellishments,The Wholesaler,,kg,Draft
Flowers,https://www.thewholesaler.biz/images/prods/big/Bloom-paper-flowers-B422.jpg,B422,Magnolias - Purple (10pc),50.00,"Exquisite handmade paper flowers, perfect for embellishing scrapbook pages and cards.",Embellishments,The Wholesaler,,kg,Draft
